<?xml version="1.0" encoding="GBK"?>
<!DOCTYPE struts PUBLIC
	"-//Apache Software Foundation//DTD Struts Configuration 2.3//EN"
	"http://struts.apache.org/dtds/struts-2.3.dtd">
<struts>
	<constant name="conststruts.devMode" value="true"/>
	
	<package name="lee" extends="struts-default">
		<action name="login1" class="cn.edu.cumt.ec.action.WorkerLogin">
			<result name="success">/WEB-INF/content/workerIndex.jsp</result>
			<result name="error">/WEB-INF/content/index.jsp</result>
		</action>
		<action name="login2" class="cn.edu.cumt.ec.action.UserLogin">
			<result name="success">/WEB-INF/content/userIndex.jsp</result>
			<result name="error">/WEB-INF/content/index.jsp</result>
		</action>
		<action name="receive1" class="cn.edu.cumt.ec.action.Receive1">
			<result name="success">/WEB-INF/content/receive.jsp</result>
			<result name="error">/WEB-INF/content/index.jsp</result>
		</action>
		<action name="search1" class="cn.edu.cumt.ec.action.Search1">
			<result name="success">/WEB-INF/content/search.jsp</result>
			<result name="error">/WEB-INF/content/index.jsp</result>
		</action>
		<action name="receive2" class="cn.edu.cumt.ec.action.Receive2">
			<result name="success">/WEB-INF/content/success.jsp</result>
			<result name="error">/WEB-INF/content/receive.jsp</result>
		</action>

	
		<action name="send_*" >
			<result >/WEB-INF/content/{1}.jsp</result>
		</action>
		<action name="*">
			<result>/WEB-INF/content/{1}.jsp</result>
		</action>
	</package>
</struts>